<?xml version="1.0" encoding="UTF-8"?>
<!DOCTYPE refentry PUBLIC "-//OASIS//DTD DocBook XML V4.1.2//EN"
                   "http://www.oasis-open.org/docbook/xml/4.1.2/docbookx.dtd">
<!-- lifted from troff+man by doclifter -->
<refentry id='subnetof3'>
<refentryinfo>
  <author><firstname>Paul</firstname><surname>Wouters</surname><authorblurb><para>placeholder to suppress warning</para> </authorblurb></author>
</refentryinfo>
<refmeta>
<refentrytitle>IPSEC_SUBNETOF</refentrytitle>
<manvolnum>3</manvolnum>
<refmiscinfo class='date'>11 June 2001</refmiscinfo>
<refmiscinfo class="source">libreswan</refmiscinfo>
<refmiscinfo class="manual">Executable programs</refmiscinfo>
</refmeta>
<refnamediv id='name'>
<refname>ipsec subnetof</refname>
<refname>ipsec hostof</refname>
<refname>ipsec broadcastof</refname>
<refpurpose>given Internet address and subnet mask return subnet number, host part, broadcast address</refpurpose>
</refnamediv>
<!-- body begins here -->
<refsynopsisdiv id='synopsis'>
<funcsynopsis>
<funcsynopsisinfo>
#include &lt;libreswan.h&gt;

</funcsynopsisinfo>
<funcprototype>
<funcdef>struct in_addr <function>subnetof</function></funcdef>
    <paramdef>struct in_addr <parameter>addr</parameter></paramdef>
    <paramdef>struct in_addr <parameter>mask</parameter></paramdef>
</funcprototype>

<funcprototype>
<funcdef>struct in_addr <function>hostof</function></funcdef>
    <paramdef>struct in_addr <parameter>addr</parameter></paramdef>
    <paramdef>struct in_addr <parameter>mask</parameter></paramdef>
</funcprototype>

<funcprototype>
<funcdef>struct in_addr <function>broadcastof</function></funcdef>
    <paramdef>struct in_addr <parameter>addr</parameter></paramdef>
    <paramdef>struct in_addr <parameter>mask</parameter></paramdef>
</funcprototype>
</funcsynopsis>
</refsynopsisdiv>


<refsect1 id='description'><title>DESCRIPTION</title>
<para>These functions are obsolete; see
<citerefentry><refentrytitle>ipsec_networkof</refentrytitle><manvolnum>3</manvolnum></citerefentry>
for their replacements.</para>

<para><emphasis remap='I'>Subnetof</emphasis>
takes an Internet
<emphasis remap='I'>address</emphasis>
and a subnet
<varname role='parameter'>mask</varname>
and returns the network part of the address
(all in network byte order).
<emphasis remap='I'>Hostof</emphasis>
similarly returns the host part, and
<function>broadcastof</function>
returns the broadcast address (all-1s convention) for the network.</para>

<para>These functions are provided to hide the Internet bit-munging inside
an API, in hopes of easing the eventual transition to IPv6.</para>
</refsect1>

<refsect1 id='see_also'><title>SEE ALSO</title>
<para><citerefentry><refentrytitle>inet</refentrytitle><manvolnum>3</manvolnum></citerefentry>, <citerefentry><refentrytitle>ipsec_atosubnet</refentrytitle><manvolnum>3</manvolnum></citerefentry></para>
</refsect1>

<refsect1 id='history'><title>HISTORY</title>
<para>Written for the FreeS/WAN project by Henry Spencer.</para>
</refsect1>

<refsect1 id='bugs'><title>BUGS</title>
<para>Calling functions for this is more costly than doing it yourself.</para>
</refsect1>
</refentry>

