<?xml version="1.0" encoding="UTF-8"?>
<!DOCTYPE refentry PUBLIC "-//OASIS//DTD DocBook XML V4.1.2//EN"
                   "http://www.oasis-open.org/docbook/xml/4.1.2/docbookx.dtd">
<!-- lifted from troff+man by doclifter -->
<refentry>
<refentryinfo>
  <author><firstname>Paul</firstname><surname>Wouters</surname><authorblurb><para>placeholder to suppress warning</para> </authorblurb></author>
</refentryinfo>
<refmeta>
<refentrytitle>_UPDOWN</refentrytitle>
<manvolnum>8</manvolnum>
<refmiscinfo class='date'>25 February 2008</refmiscinfo>
<refmiscinfo class="source">libreswan</refmiscinfo>
<refmiscinfo class="manual">Executable programs</refmiscinfo>
</refmeta>
<refnamediv id='name'>
<refname>ipsec _updown.xfrm</refname>
<refpurpose>klips manipulation script</refpurpose>
</refnamediv>
<!-- body begins here -->
<refsynopsisdiv id='synopsis'>
<para><emphasis remap='I'>_updown</emphasis>
is invoked by pluto when it has brought up a new connection. This script
is used to insert the appropriate routing entries for IPsec operation.
The interface to the script is documented in the pluto man page.</para>
</refsynopsisdiv>


<refsect1 id='see_also'><title>SEE ALSO</title>
<para><citerefentry><refentrytitle>ipsec</refentrytitle><manvolnum>8</manvolnum></citerefentry>, <citerefentry><refentrytitle>ipsec_pluto</refentrytitle><manvolnum>8</manvolnum></citerefentry>.</para>
</refsect1>

<refsect1 id='history'><title>HISTORY</title>
<para>Man page written for the Linux FreeS/WAN project &lt;<ulink url='https://www.freeswan.org/'>https://www.freeswan.org/</ulink>&gt;
by Michael Richardson. Original program written by Henry Spencer.</para>

</refsect1>
</refentry>

