<?xml version="1.0" encoding="UTF-8"?>
<!DOCTYPE refentry PUBLIC "-//OASIS//DTD DocBook XML V4.1.2//EN"
                   "http://www.oasis-open.org/docbook/xml/4.1.2/docbookx.dtd">
<!-- lifted from troff+mdoc by doclifter -->
<refentry id='ipsec_strerror3'>
<!-- 	$KAME: ipsec_strerror.3,v 1.9 2001/08/17 07:21:36 itojun Exp $ -->

<!--  Copyright (C) 1995, 1996, 1997, 1998, and 1999 WIDE Project. -->
<!--  All rights reserved. -->

<!--  Redistribution and use in source and binary forms, with or without -->
<!--  modification, are permitted provided that the following conditions -->
<!--  are met: -->
<!--  1. Redistributions of source code must retain the above copyright -->
<!--     notice, this list of conditions and the following disclaimer. -->
<!--  2. Redistributions in binary form must reproduce the above copyright -->
<!--     notice, this list of conditions and the following disclaimer in the -->
<!--     documentation and/or other materials provided with the distribution. -->
<!--  3. Neither the name of the project nor the names of its contributors -->
<!--     may be used to endorse or promote products derived from this software -->
<!--     without specific prior written permission. -->

<!--  THIS SOFTWARE IS PROVIDED BY THE PROJECT AND CONTRIBUTORS ``AS IS'' AND -->
<!--  ANY EXPRESS OR IMPLIED WARRANTIES, INCLUDING, BUT NOT LIMITED TO, THE -->
<!--  IMPLIED WARRANTIES OF MERCHANTABILITY AND FITNESS FOR A PARTICULAR PURPOSE -->
<!--  ARE DISCLAIMED.  IN NO EVENT SHALL THE PROJECT OR CONTRIBUTORS BE LIABLE -->
<!--  FOR ANY DIRECT, INDIRECT, INCIDENTAL, SPECIAL, EXEMPLARY, OR CONSEQUENTIAL -->
<!--  DAMAGES (INCLUDING, BUT NOT LIMITED TO, PROCUREMENT OF SUBSTITUTE GOODS -->
<!--  OR SERVICES; LOSS OF USE, DATA, OR PROFITS; OR BUSINESS INTERRUPTION) -->
<!--  HOWEVER CAUSED AND ON ANY THEORY OF LIABILITY, WHETHER IN CONTRACT, STRICT -->
<!--  LIABILITY, OR TORT (INCLUDING NEGLIGENCE OR OTHERWISE) ARISING IN ANY WAY -->
<!--  OUT OF THE USE OF THIS SOFTWARE, EVEN IF ADVISED OF THE POSSIBILITY OF -->
<!--  SUCH DAMAGE. -->

<!--  $FreeBSD$ -->




<refmeta>
<refentrytitle>IPSEC_STRERROR</refentrytitle>
<manvolnum>3</manvolnum>
</refmeta>

<refnamediv id='purpose'>
<refname> ipsec_strerror</refname>
<refpurpose> error messages for the IPsec policy manipulation library  </refpurpose>
</refnamediv>
<refsynopsisdiv id='synopsis'>
<funcsynopsis>
<funcsynopsisinfo>
#include &lt;netinet6/ipsec.h&gt;
</funcsynopsisinfo>
<funcprototype>
<funcdef>const char *<function>ipsec_strerror</function></funcdef>
<void/></funcprototype>
</funcsynopsis>
</refsynopsisdiv>


<refsect1 id='description'><title>DESCRIPTION</title>
<para>#include &lt;netinet6/ipsec.h&gt;
declares</para>

<para><phrase role='Dl'>extern int ipsec_errcode;</phrase></para>

<para>which is used to pass an error code from IPsec policy manipulation library
to a user program.
The
ipsec_strerror();
function can be used to obtain the error message string for the error code.</para>

<para>The array pointed to is not to be modified by the program.
Since
ipsec_strerror();
uses
<citerefentry><refentrytitle>strerror</refentrytitle><manvolnum>3</manvolnum></citerefentry>
as an underlying function, calling
<citerefentry><refentrytitle>strerror</refentrytitle><manvolnum>3</manvolnum></citerefentry>
after
ipsec_strerror();
would overwrite the the return value from
ipsec_strerror();
and make it invalid.</para>

</refsect1>

<refsect1 id='return_values'><title>RETURN VALUES</title>
<para>The
ipsec_strerror();
function always returns a pointer to C string.
The C string must not be overwritten by the caller.</para>

</refsect1>

<refsect1 id='see_also'><title>SEE ALSO</title>
<para><citerefentry><refentrytitle>ipsec_set_policy</refentrytitle><manvolnum>3</manvolnum></citerefentry></para>

</refsect1>

<refsect1 id='history'><title>HISTORY</title>
<para>The
ipsec_strerror();
function first appeared in WIDE/KAME IPv6 protocol stack kit.</para>

</refsect1>

<refsect1 id='bugs'><title>BUGS</title>
<para>The
ipsec_strerror();
function will return its result which may be overwritten by subsequent calls.</para>

<para><varname>ipsec_errcode</varname>
is not thread safe.</para>
</refsect1>
</refentry>

