  <varlistentry>
  <term><emphasis remap='B'>ikev1-secctx-attr-type</emphasis></term>
  <listitem>
<para>
The value for the IKEv1 IPsec SA security context attribute identifier that is
used for Labeled IPsec. Defaults to the private use IANA value 32001
from the IPsec SA attributes registry. Old openswan versions might
still be using the (stolen) value 10, which has since been assigned by
IANA for something else. Other values are not recommended unless IANA
assigns an actual value for this option. Labeled IPsec using IKEv2 does
not use this option, it only uses an IANA allocated Notify number.
See also <emphasis remap='B'>policy-label</emphasis>.
</para>
  </listitem>
  </varlistentry>

