  <varlistentry>
  <term><emphasis remap='B'>leftaddresspool</emphasis></term>
  <listitem>
<para> address pool from where the IKEv1 ModeCFG or IKEv2 server can assign IP addresses to clients.
When configured as a server, using
<emphasis remap='I'>leftxauthserver=yes</emphasis> this option specifies the address pool from
which IP addresses are taken to assign the clients. The syntax of the address pool specifies a
range (not a CIDR) for IPv4 and CIDR for IPv6, in the following syntax: 
<emphasis remap='I'>rightaddresspool=192.168.1.100-192.168.1.200</emphasis>
or <emphasis remap='I'>rightaddresspool=2001:db8:0:3:1::/97</emphasis>
Generally, the <emphasis remap='I'>rightaddresspool=</emphasis> option will be accompanied by
<emphasis remap='I'>rightxauthclient=yes</emphasis>, <emphasis remap='I'>leftxauthserver=yes</emphasis> and <emphasis remap='I'>leftsubnet=0.0.0.0/0</emphasis> option.
</para>
<para>When <emphasis remap='I'>leftaddresspool=</emphasis> is specified, the connection may not specify either
<emphasis remap='I'>leftsubnet=</emphasis> or <emphasis remap='I'>leftsubnets=</emphasis>. Address pools are
fully allocated when the connection is loaded, so the ranges should be sane. For example, specifying a range
<emphasis remap='I'>rightaddresspool=10.0.0.0-11.0.0.0</emphasis> will lead to massive memory allocation. Address pools
specifying the exact same range are shared between different connections. Different addresspools should not be defined
to partially overlap.</para>
  </listitem>
  </varlistentry>
