  <varlistentry>
  <term><emphasis remap='B'>mark</emphasis></term>
  <listitem>
<para>
If set, the MARK to set for the IPsec SA of this connection. The format of a CONNMARK is
<emphasis remap='B'>mark/mask</emphasis>. If the mask is left out,
a default mask of 0xffffffff is used. A mark value of -1 means to assign a
new global unique mark number for each instance of the connection. Global
marks start at 1001.  This option is only available on linux NETKEY/XFRM
kernels. It can be used with iptables to create custom iptables rules
using CONNMARK. It can also be used with Virtual Tunnel Interfaces
("VTI") to direct marked traffic to specific vtiXX devices.
</para>
  </listitem>
  </varlistentry>

  <varlistentry>
  <term><emphasis remap='B'>mark-in</emphasis></term>
  <listitem>
<para>
The same as <emphasis remap='B'>mark</emphasis>, but mark-in only applies to the inbound half
of the IPsec SA. It overrides any mark= setting.
</para>
  </listitem>
  </varlistentry>

  <varlistentry>
  <term><emphasis remap='B'>mark-out</emphasis></term>
  <listitem>
<para>
The same as <emphasis remap='B'>mark</emphasis>, but mark-out only applies to the outbound half
of the IPsec SA. It overrides any mark= setting.
</para>
  </listitem>
  </varlistentry>
