  <varlistentry>
  <term><emphasis remap='B'>rekeyfuzz</emphasis></term>
  <listitem>
<para>maximum percentage by which
<emphasis remap='B'>rekeymargin</emphasis>
should be randomly increased to randomize rekeying intervals
(important for hosts with many connections);
acceptable values are an integer,
which may exceed 100,
followed by a `%'
(default set by
<citerefentry><refentrytitle>ipsec_pluto</refentrytitle><manvolnum>8</manvolnum></citerefentry>,
currently
<emphasis remap='B'>100%</emphasis>).
The value of
<emphasis remap='B'>rekeymargin</emphasis>,
after this random increase,
must not exceed
<emphasis remap='B'>salifetime</emphasis>.
The value
<emphasis remap='B'>0%</emphasis>
will suppress time randomization.
Relevant only locally, other end need not agree on it.</para>
  </listitem>
  </varlistentry>
