<?xml version="1.0" encoding="UTF-8"?>
<!DOCTYPE refentry PUBLIC "-//OASIS//DTD DocBook XML V4.1.2//EN"
                   "http://www.oasis-open.org/docbook/xml/4.1.2/docbookx.dtd">
<!-- lifted from troff+man by doclifter -->
<refentry>
<refentryinfo>
  <author><firstname>Paul</firstname><surname>Wouters</surname><authorblurb><para>placeholder to suppress warning</para> </authorblurb></author>
</refentryinfo>
<refmeta>
<refentrytitle>_REALSETUP</refentrytitle>
<manvolnum>8</manvolnum>
<refmiscinfo class='date'>25 Apr 2002</refmiscinfo>
<refmiscinfo class="source">libreswan</refmiscinfo>
<refmiscinfo class="manual">Executable programs</refmiscinfo>
</refmeta>
<refnamediv id='name'>
<refname>ipsec _realsetup</refname>
<refpurpose>internal routine to start FreeS/WAN.</refpurpose>
</refnamediv>
<!-- body begins here -->

<refsect1 id='description'><title>DESCRIPTION</title>
<para><emphasis remap='I'>_realsetup</emphasis>
is called by the system init scripts to start the FreeS/WAN
system. It starts
<emphasis remap='B'>KLIPS</emphasis>
(the kernel component) and
<emphasis remap='B'>pluto</emphasis>
(the userspace keying component).</para>
</refsect1>

<refsect1 id='see_also'><title>SEE ALSO</title>
<para><citerefentry><refentrytitle>ipsec</refentrytitle><manvolnum>8</manvolnum></citerefentry>, <citerefentry><refentrytitle>ipsec__klipsstart</refentrytitle><manvolnum>8</manvolnum></citerefentry>, <citerefentry><refentrytitle>ipsec__plutorun</refentrytitle><manvolnum>8</manvolnum></citerefentry>.</para>
</refsect1>

<refsect1 id='history'><title>HISTORY</title>
<para>Man page written for the Linux FreeS/WAN project &lt;<ulink url='https://www.freeswan.org/'>https://www.freeswan.org/</ulink>&gt;
by Michael Richardson. Original program by Henry Spencer.</para>


</refsect1>
</refentry>

